Country,Age_Standardized_Suicide_Rate,Age_Standardized_Suicide_Rate_Female,Age_Standardized_Suicide_Rate_Male,crude_suicide_80_above,crude_suicide_70to79,crude_suicide_60to69,crude_suicide_50to59,crude_suicide_40to49,crude_suicide_30to39,crude_suicide_20to29,crude_suicide_10to19,crude_suicide_80_above_male,crude_suicide_70to79_male,crude_suicide_60to69_male,crude_suicide_50to59_male,crude_suicide_40to49_male,crude_suicide_30to39_male,crude_suicide_20to29_male,crude_suicide_10to19_male,crude_suicide_80_above_female,crude_suicide_70to79_female,crude_suicide_60to69_female,crude_suicide_50to59_female,crude_suicide_40to49_female,crude_suicide_30to39_female,crude_suicide_20to29_female,crude_suicide_10to19_female,Regional_indicator,Happiness_Score,GDP_Per_Capita,Social_support,Healthy_life_expectancy,Freedom_to_make_life_choices,Generosity,Perceptions_of_corruption,Social_Support_Level,Generosity_Level,Freedom_to_make_life_choices_level,Homicide_Rate,Homicide_Level,Crime_Index,Population,Crime_Level,Mental _hospitals,health_units,outpatient _facilities,day _treatment,residential_facilities,Psychiatrists,Nurses,Social_workers,Psychologists,Stand_alone_law_for_mental_health,Stand_alone_policy_for_mental_health
afghanistan,6.4,2.1,10.6,42.0,11.0,5.5,5.6,6.6,9.2,10.2,3.1,70.4,20.9,9.8,9.3,10.5,15.1,16.3,4.8,20.1,2.3,1.4,1.6,2.3,2.7,3.5,1.2,South Asia,2.566900015,7.462860584,0.470366955,52.59000015,0.396573007,-0.0964294,0.933686554,Very Low,Low,Very Low,7.1,High,76.31,39835428.0,Very High,0.003,0.012,0.006,,,0.231,0.098,,0.296,Yes,Yes
albania,5.6,4.3,7.0,16.3,8.3,6.0,7.8,9.1,6.1,6.5,5.0,23.2,11.9,8.1,11.4,13.5,8.8,6.3,3.1,10.9,4.9,3.9,4.4,5.0,3.4,6.6,7.0,Central and Eastern Europe,4.882699966,9.417930603,0.671070457,68.70813751,0.781994224,-0.042309489,0.896303713,Very Low,Low,Low,2.3,Low,42.53,2872933.0,Low,0.068,0.068,0.41,,0.445,1.471,6.876,1.06,1.231,Yes,Yes
algeria,3.3,1.8,4.9,9.4,5.6,4.2,4.1,4.7,5.3,4.2,1.3,12.7,8.4,6.2,6.2,7.0,7.9,6.2,1.6,6.4,3.0,2.2,2.0,2.4,2.6,2.1,1.0,Middle East and North Africa,5.005099773,9.537964821,0.803385139,65.90517426,0.466610909,-0.121105164,0.735485137,Low,Low,Very Low,1.4,Low,52.03,44616624.0,High,0.048,0.068,0.048,,,,,,,Yes,No
argentina,9.1,3.5,15.0,15.8,11.6,10.0,9.5,9.8,10.8,15.3,8.6,41.6,22.7,17.2,15.1,15.5,17.8,25.3,12.7,4.1,3.7,3.9,4.3,4.2,3.7,5.0,4.3,Latin America and Caribbean,5.974699974,9.810955048,0.900567949,68.80380249,0.831132412,-0.194913864,0.842009842,High,Very Low,High,5.1,High,63.82,45605826.0,Very High,0.937,1.071,1.72,,0.152,21.705,,,222.572,Yes,Yes
armenia,5.7,2.0,10.1,27.9,17.4,10.1,8.4,9.0,5.4,4.5,2.2,41.0,28.1,17.8,15.9,17.2,10.1,8.2,3.5,20.2,10.4,4.4,2.6,2.3,1.4,0.9,0.6,Commonwealth of Independent States,4.676799774,9.100476265,0.757479429,66.75065613,0.712017834,-0.13877961,0.773544788,Low,Very Low,Very Low,2.4,Low,22.79,2968127.0,Very Low,,0.069,1.371,0.034,,3.84,11.245,0.274,0.788,Yes,Yes
australia,11.7,6.0,17.4,28.8,13.1,12.9,18.2,19.7,16.3,13.9,5.6,41.2,19.8,19.8,27.5,30.2,24.7,20.7,7.3,20.1,6.7,6.2,9.0,9.4,8.0,6.8,3.9,North America and ANZ,7.222799778,10.72059631,0.944854617,73.60453796,0.915431738,0.19046016,0.41516912,Very High,Very High,Very High,0.8,Very Low,43.03,25788215.0,Low,,,,,,13.525,90.582,,103.036,Yes,Yes
austria,11.4,5.7,17.5,40.9,25.1,17.8,23.1,15.7,13.1,10.8,4.5,91.8,40.6,27.4,33.1,23.8,19.9,17.1,5.2,12.7,12.4,9.0,13.2,7.6,6.3,4.3,3.7,Western Europe,7.294199944,10.7428236,0.928045869,73.00250244,0.899989486,0.085429221,0.499954879,Very High,High,Very High,0.7,Very Low,25.54,9043070.0,Very Low,,,,,,,,,,No,No
azerbaijan,2.6,1.0,4.3,7.7,6.6,4.5,4.1,3.5,3.2,2.2,1.4,12.5,10.4,7.3,7.0,6.2,5.4,3.4,2.1,5.0,4.0,2.1,1.4,1.0,1.0,0.9,0.6,Commonwealth of Independent States,5.164800167,9.687726974,0.819308281,65.50839996,0.786824107,-0.240255281,0.55253756,Low,Very Low,Low,2.0,Low,32.02,10223342.0,Very Low,0.114,0.021,0.156,0.094,0.031,3.452,6.717,0.114,1.165,Yes,Yes
bahrain,5.7,2.1,7.9,25.2,11.0,6.2,4.8,6.1,8.1,8.8,3.0,40.8,17.7,8.2,6.5,8.6,10.6,11.7,4.3,11.5,4.2,3.2,1.9,1.4,2.7,3.1,1.5,Middle East and North Africa,6.227300167,10.67638016,0.876342118,68.5,0.905855775,0.13372919,0.7393471,High,Very High,Very High,0.5,Very Low,25.64,1748296.0,Very Low,,,,,,5.467,27.918,1.458,1.239,No,Yes
bangladesh,6.1,6.7,5.5,30.0,12.8,7.7,4.9,4.6,6.6,9.5,6.2,51.4,19.2,9.3,6.2,4.8,4.9,5.7,2.7,10.2,6.4,6.1,3.6,4.5,8.2,13.3,9.8,South Asia,4.832799911,8.287063599,0.687292993,64.50306702,0.90062499,-0.033664726,0.661843538,Very Low,High,Very High,2.2,Low,63.9,166303498.0,Very High,0.001,0.035,0.055,,0.045,0.13,0.873,,0.124,No,No
belarus,21.4,6.2,39.3,40.6,32.4,32.0,39.9,39.9,30.6,18.9,4.8,96.1,76.8,65.3,75.9,70.4,52.1,32.3,7.6,22.9,11.4,8.9,9.5,11.8,9.0,4.8,1.8,Commonwealth of Independent States,5.539899826,9.779945374,0.90674746,66.10433197,0.639163077,-0.164926544,0.63571167,High,Very Low,Very Low,3.6,High,59.58,9442862.0,Very High,0.2,0.063,0.116,0.285,,13.504,,,5.514,Yes,Yes
belgium,15.7,9.4,22.2,53.4,27.5,24.2,32.3,29.1,18.3,13.4,3.6,71.8,37.2,32.7,41.8,40.2,28.2,21.0,4.9,42.9,19.6,16.2,22.7,17.6,8.4,5.6,2.1,Western Europe,6.863500118,10.6736393,0.911632538,72.00164795,0.813582063,-0.078691199,0.612297952,Very High,Low,High,1.7,Low,44.58,11632326.0,Low,,,,,,20.057,125.692,17.435,10.462,,
benin,15.7,9.6,22.6,90.0,60.4,36.6,24.5,15.6,13.9,14.0,4.5,146.4,81.1,47.3,33.0,22.6,21.6,21.8,6.6,55.6,45.8,27.6,16.7,9.0,6.2,6.1,2.4,Sub-Saharan Africa,5.21600008,7.674319744,0.468671143,54.31246567,0.735182583,-0.003537213,0.740532577,Very Low,High,Low,1.1,Very Low,,,,,,,,,,,,,,
bolivia,12.9,8.9,16.9,14.1,13.4,15.0,15.0,15.6,17.0,21.2,10.4,19.4,18.0,20.2,20.0,21.2,23.4,28.7,10.8,10.2,9.2,10.0,10.1,10.1,10.6,13.6,10.0,Latin America and Caribbean,5.747499943,8.851115227,0.803108692,63.6004715,0.875873327,-0.09168113,0.822606206,Low,Low,High,6.3,High,57.77,11832940.0,Very High,0.075,0.009,0.009,,,1.128,,,,No,Yes
bosnia and herzegovina,6.4,2.5,10.6,21.0,19.6,12.7,12.3,11.1,6.7,3.8,1.7,41.5,34.9,22.7,19.3,18.4,10.4,6.2,2.5,9.7,8.6,4.2,5.4,3.9,2.8,1.2,0.8,Central and Eastern Europe,5.674099922,9.455817223,0.829204142,67.80813599,0.651352704,0.098274559,0.933769107,Low,Very High,Very Low,1.2,Low,42.99,3263466.0,Low,,,,,,8.032,22.144,0.594,1.527,Yes,Yes
botswana,11.5,5.7,18.3,48.9,32.0,21.8,20.3,15.3,12.1,10.6,3.5,89.2,49.6,33.4,31.5,23.5,19.2,17.6,5.3,28.9,20.3,12.9,11.2,7.4,4.9,3.4,1.6,Sub-Saharan Africa,3.478899956,9.711203575,0.779121757,58.92445374,0.821328104,-0.250394493,0.777930915,Low,Very Low,High,15.0,Very High,52.98,2397241.0,High,,,,,,,,,,Yes,Yes
brazil,6.1,2.8,9.7,19.5,11.9,9.2,9.3,8.6,8.1,6.9,2.7,31.9,19.4,14.6,14.6,13.6,12.8,11.3,3.8,12.3,6.3,4.7,4.5,4.0,3.4,2.5,1.6,Latin America and Caribbean,6.375599861,9.56643486,0.896723807,66.48016357,0.799804807,-0.101812392,0.770601273,High,Low,Low,30.5,Very High,67.49,213993437.0,Very High,0.069,0.115,1.491,,0.267,3.165,34.948,6.608,12.368,Yes,Yes
bulgaria,7.9,3.2,13.1,35.3,23.2,15.4,13.8,10.3,8.8,6.2,2.9,64.5,41.3,27.3,22.9,16.2,14.2,9.6,4.2,18.9,11.0,5.5,4.9,4.1,3.1,2.6,1.6,Central and Eastern Europe,5.101500034,9.869318962,0.937840343,66.80397797,0.745178163,-0.143908441,0.935585141,Very High,Very Low,Low,1.5,Low,38.21,6896663.0,Low,0.167,0.307,0.307,5.935,1.783,7.203,17.736,0.78,1.867,No,No
burkina faso,14.8,9.1,22.4,108.0,68.0,37.7,23.4,13.9,12.0,9.6,3.1,214.7,111.6,54.9,34.0,21.2,15.7,12.1,4.0,47.4,40.5,25.7,14.8,7.1,8.4,7.1,2.1,Sub-Saharan Africa,4.768700123,7.46854496,0.712943614,53.88945389,0.665563583,-0.019080516,0.739795029,Very Low,High,Very Low,1.3,Low,,,,,0.287,,,,0.039,0.635,0.011,0.022,No,Yes
burundi,15.0,7.7,23.1,93.7,58.2,31.0,23.9,15.1,12.9,12.9,5.7,174.8,94.0,45.2,34.8,22.6,19.7,19.8,7.8,34.0,28.3,17.3,13.5,7.9,6.4,6.5,3.6,Sub-Saharan Africa,3.775300026,6.492642403,0.490325719,53.40000153,0.626350224,-0.017551597,0.606934547,Very Low,High,Very Low,6.0,High,,,,,,,,,0.01,0.049,0.069,0.49,No,Yes
cambodia,5.9,3.2,9.0,15.5,13.1,10.2,5.1,6.8,9.5,8.0,2.4,25.5,21.6,14.8,7.3,10.8,15.4,11.8,3.1,9.3,7.4,7.1,3.3,3.2,4.0,4.2,1.6,Southeast Asia,4.848400116,8.249890327,0.773080647,61.52996826,0.959704638,0.051911179,0.822769046,Low,High,Very High,1.8,Low,51.13,16946438.0,High,,0.006,1.134,,,0.387,0.277,,7.089,No,Yes
cameroon,19.5,12.5,26.9,113.3,78.1,46.3,29.2,18.8,17.6,16.6,6.3,168.3,97.2,55.5,37.2,27.2,27.1,25.5,9.2,72.5,62.0,38.0,21.5,10.4,8.1,7.5,3.4,Sub-Saharan Africa,5.084899902,8.118647575,0.700386405,52.7049408,0.763051808,-0.00149645,0.851336598,Very Low,High,Low,1.4,Low,65.24,27224265.0,Very High,,,,,,,,,,No,Yes
canada,10.4,5.8,15.1,21.8,12.1,13.6,19.7,17.4,12.4,12.0,5.1,29.7,19.5,21.2,29.0,25.3,18.0,17.6,5.9,16.8,5.5,6.2,10.2,9.5,6.9,6.3,4.2,North America and ANZ,7.23210001,10.69236851,0.927176654,73.60160065,0.933913231,0.124770768,0.390843362,Very High,Very High,Very High,1.8,Low,41.89,38067903.0,Low,,,,,,14.679,68.659,145.4,48.74,Yes,Yes
central african republic,11.6,6.0,18.0,51.7,37.0,23.8,18.8,12.6,12.2,11.7,3.8,98.8,59.8,35.1,27.6,19.5,18.3,18.3,5.3,21.8,19.3,14.1,10.6,5.7,6.3,5.2,2.3,Sub-Saharan Africa,3.475899935,6.625160217,0.319459856,45.20000076,0.640880644,0.082410358,0.891806662,Very Low,High,Very Low,19.8,Very High,,,,,,,,,0.022,0.022,0.022,,No,Yes
chad,15.5,13.8,17.1,76.8,55.9,33.3,25.9,16.7,14.7,13.8,4.9,83.8,49.4,29.7,24.5,19.8,19.4,19.3,5.6,71.7,61.5,36.4,27.1,13.5,9.9,8.2,4.2,Sub-Saharan Africa,4.422699928,7.467963696,0.632388055,48.22053909,0.587305248,0.017834719,0.802760839,Very Low,High,Very Low,,,,,,,0.007,0.007,,,0.007,0.021,0.007,,No,Yes
chile,9.7,3.8,16.0,15.3,15.5,12.9,14.3,14.4,13.0,12.9,4.9,39.4,30.2,22.7,22.6,23.2,21.1,20.6,6.6,2.5,4.1,4.1,6.2,5.6,4.7,4.8,3.1,Latin America and Caribbean,6.228499889,10.0320549,0.879713595,69.90061951,0.744896293,-0.065668367,0.838239431,High,Low,Low,4.3,High,53.42,19212361.0,High,0.023,0.175,0.839,0.315,1.171,6.97,1.88,,,No,Yes
china,8.0,8.3,7.9,61.3,44.0,23.4,10.5,6.3,6.0,5.0,1.9,73.2,51.2,24.2,9.0,4.8,4.7,4.4,1.5,52.3,37.1,22.6,12.1,7.8,7.4,5.7,2.3,East Asia,5.123899937,9.688568115,0.798760593,69.2891922,0.898517907,-0.18142575,0.7539711,Low,Very Low,Very High,0.6,Very Low,30.14,1444216107.0,Very Low,,,,,,2.199,5.423,,,Yes,Yes
colombia,7.0,2.8,11.5,10.1,10.1,8.7,8.0,7.0,7.8,11.2,7.3,22.9,20.6,16.2,13.9,11.9,13.0,17.9,9.6,1.8,1.9,2.3,2.7,2.3,2.8,4.4,5.0,Latin America and Caribbean,6.163400173,9.500369072,0.884440243,67.69958496,0.836179912,-0.161235645,0.86457181,High,Very Low,High,24.9,Very High,56.87,51265844.0,Very High,1.988,0.222,0.292,,,1.835,,,,Yes,Yes
comoros,11.1,5.4,17.6,70.1,50.1,28.1,20.0,11.4,7.9,7.6,2.4,138.1,85.6,43.5,30.4,17.2,11.5,10.7,3.1,24.6,21.1,13.9,9.8,5.5,4.2,4.4,1.7,Sub-Saharan Africa,4.288599968,7.833630085,0.625662446,57.34901047,0.547612607,0.090008408,0.780622602,Very Low,Very High,Very Low,,,,,,,,,,,0.129,0.386,,0.643,Yes,No
congo,9.3,5.0,13.9,55.9,36.8,22.4,16.1,9.5,7.7,6.8,2.6,99.4,57.8,33.5,23.4,13.4,10.5,10.2,3.7,23.0,19.0,12.2,8.8,5.6,4.9,3.4,1.5,Sub-Saharan Africa,5.194399834,8.536987305,0.640228093,57.92448044,0.719058514,-0.123674095,0.751779079,Very Low,Low,Low,,,,,,,0.04,0.02,,,0.08,0.5,0.02,0.02,No,Yes
costa rica,7.5,2.3,12.8,9.4,8.7,8.3,11.5,10.4,10.1,11.0,4.4,14.5,17.4,15.6,20.0,18.0,17.2,18.5,6.5,5.7,0.9,1.3,3.4,2.9,2.8,3.3,2.3,Latin America and Caribbean,7.121399879,9.658156395,0.901545942,71.29985046,0.934738934,-0.10242971,0.786332428,High,Low,Very High,12.3,Very High,54.22,5139052.0,High,0.042,0.042,1.706,0.125,0.042,3.931,5.699,76.957,142.018,No,Yes
croatia,11.5,5.1,18.8,40.9,30.7,25.5,22.2,17.0,12.1,8.9,3.4,91.5,52.9,38.6,37.0,23.7,20.2,14.7,5.8,17.6,15.6,14.0,8.1,10.2,3.9,2.8,0.9,Central and Eastern Europe,5.504700184,10.07087517,0.874623716,70.21490479,0.714838803,-0.128538325,0.916495264,High,Very Low,Very Low,1.1,Very Low,24.59,4081651.0,Very Low,0.165,0.519,3.093,0.803,,11.095,41.856,1.298,4.367,Yes,Yes
cyprus,4.5,1.9,7.2,6.8,7.4,8.9,6.3,6.2,6.1,6.2,1.6,9.3,14.7,12.9,9.9,11.0,9.7,8.2,3.1,5.2,1.2,5.0,2.7,1.7,2.5,3.8,0.0,Western Europe,6.15899992,10.40570259,0.805996239,73.70222473,0.779858291,0.043731496,0.856271744,Low,High,Low,0.6,Very Low,31.28,1215584.0,Very Low,,,,,,,34.97,0.0,,Yes,Yes
cã´te d'ivoire,23.0,13.0,32.0,130.7,88.4,51.8,33.6,23.6,21.1,20.1,8.1,202.6,123.2,67.3,45.5,32.9,30.0,28.8,10.9,52.0,46.5,33.0,19.8,13.7,12.2,11.4,5.2,Sub-Saharan Africa,5.233300209,8.225561142,0.658048689,49.50377274,0.727909327,-0.043991156,0.790771961,Very Low,Low,Low,,,,,,0.009,0.013,0.017,0.022,,0.13,0.381,,,No,Yes
denmark,9.2,5.2,13.2,49.6,20.0,17.1,17.6,16.7,9.2,6.1,2.2,56.4,29.1,23.9,25.7,25.7,12.7,9.0,3.1,45.3,11.8,10.5,9.4,7.5,5.6,3.1,1.3,Western Europe,7.645599842,10.77400112,0.955990791,72.40250397,0.951444268,0.066201776,0.168489456,Very High,High,Very High,1.2,Low,26.22,5813298.0,Very Low,,,,,,,,,,Yes,Yes
dominican republic,10.5,3.2,17.9,22.0,16.8,15.4,12.6,13.4,16.2,15.4,3.8,32.8,28.0,27.1,22.3,23.8,28.6,26.1,5.3,13.1,6.6,4.3,3.1,3.3,4.2,4.7,2.2,Latin America and Caribbean,5.689199924,9.664880753,0.882085383,65.80748749,0.866202772,-0.131263286,0.755999923,High,Very Low,High,11.3,Very High,61.02,10953703.0,Very High,,0.076,1.748,0.019,,2.28,,0.294,7.598,Yes,Yes
ecuador,7.2,3.8,10.7,16.5,10.8,8.6,6.6,7.1,8.3,10.5,8.8,30.1,18.6,14.4,10.5,12.0,12.9,14.8,10.0,6.2,4.0,3.2,2.8,2.3,3.7,6.1,7.6,Latin America and Caribbean,5.925199986,9.246058464,0.836418986,68.50003815,0.859828949,-0.127014965,0.801215112,High,Low,High,5.8,High,55.23,17888475.0,High,0.025,0.173,0.242,3.01,,0.458,0.056,0.019,7.662,No,Yes
egypt,4.4,1.7,7.2,8.6,6.5,6.0,6.4,5.1,6.2,6.4,2.3,13.7,10.8,9.4,10.7,8.8,10.4,10.4,3.4,5.5,3.2,2.9,2.1,1.4,2.0,2.3,1.2,Middle East and North Africa,4.151400089,9.316541672,0.735447824,61.78015137,0.708354175,-0.196878314,0.787726879,Very Low,Very Low,Very Low,2.5,High,46.83,104258327.0,High,0.019,,0.031,0.011,,1.6,4.799,0.448,0.256,Yes,Yes
el salvador,13.5,4.3,24.8,14.0,11.0,11.2,11.9,13.1,18.2,30.1,10.9,27.6,22.3,23.5,24.8,25.6,35.5,53.5,14.2,4.1,2.3,2.1,2.3,3.4,4.5,8.8,7.6,Latin America and Caribbean,6.34829998,8.909075737,0.806092262,66.10826111,0.833805263,-0.121072978,0.754319906,Low,Low,High,61.8,Very High,67.79,6518499.0,Very High,0.032,0.253,0.729,,,0.887,,0.301,2.075,No,Yes
estonia,14.4,4.4,25.6,36.2,28.3,21.0,24.5,17.8,17.7,15.8,8.4,83.2,59.5,42.5,42.3,29.3,28.1,28.5,14.8,20.2,11.4,5.4,8.6,6.3,6.8,2.3,1.6,Central and Eastern Europe,6.021800041,10.34001732,0.934729993,68.60495758,0.87770915,-0.111697771,0.623073816,Very High,Low,High,2.2,Low,23.71,1325185.0,Very Low,0.152,0.684,14.82,17.176,3.496,16.188,23.484,0.532,6.46,Yes,Yes
ethiopia,11.4,4.7,18.7,87.6,51.4,24.7,16.0,11.5,9.7,8.1,3.6,160.5,86.3,39.4,26.3,18.5,15.3,13.0,5.3,26.6,21.0,11.7,6.9,4.5,4.3,3.3,1.9,Sub-Saharan Africa,4.186200142,7.509385586,0.743307352,58.63959122,0.740795195,0.043377332,0.753690004,Low,High,Low,,,49.3,117876227.0,High,,,,,,0.076,1.001,0.04,0.046,No,No
finland,13.8,6.8,20.8,22.0,18.7,16.5,22.4,19.9,18.7,20.6,4.9,40.3,29.5,24.7,32.9,30.5,27.6,31.5,6.8,12.3,9.7,8.8,12.0,8.9,9.2,9.2,2.8,Western Europe,7.808700085,10.63926697,0.954329729,71.9008255,0.949172199,-0.059482019,0.195444584,Very High,Low,Very High,1.2,Low,27.59,5548360.0,Very Low,,,,,,23.586,51.97,2.754,109.486,Yes,No
france,12.1,6.5,17.9,73.4,27.2,20.3,23.2,21.8,13.4,8.0,2.2,96.8,37.2,28.1,35.0,33.9,20.6,12.0,2.9,60.1,18.5,13.0,11.8,9.6,5.9,3.9,1.5,Western Europe,6.663799763,10.58422279,0.937103748,73.80193329,0.825467646,-0.130641967,0.583521128,Very High,Very Low,High,1.3,Low,51.99,65426179.0,High,,,,,,20.907,98.017,,48.704,No,Yes
gabon,9.6,4.3,15.0,64.4,41.1,23.7,14.5,8.3,7.1,7.1,4.4,123.1,67.4,35.7,21.5,12.0,10.4,11.2,7.0,24.2,19.4,12.1,7.0,4.0,3.2,2.8,1.8,Sub-Saharan Africa,4.829299927,9.680537224,0.787886858,59.71533966,0.704829216,-0.222261623,0.849150956,Low,Very Low,Very Low,,,,,,0.052,,0.052,,,0.259,0.518,0.104,0.777,Yes,Yes
gambia,10.0,7.3,12.8,78.9,52.5,28.1,15.3,6.4,5.8,7.7,2.5,110.0,63.0,32.9,18.5,8.8,8.8,10.5,2.7,50.1,41.6,22.9,12.4,4.2,3.1,5.0,2.3,Sub-Saharan Africa,4.750599861,7.321814537,0.6931687,55.0120163,0.733163178,0.343198717,0.690717816,Very Low,Very High,Low,,,,,,,,,,,0.101,0.303,0.101,,Yes,Yes
georgia,6.7,1.9,12.3,20.9,15.3,12.6,12.5,9.7,7.3,6.0,2.8,42.6,29.4,23.2,22.8,17.6,13.7,10.7,4.4,10.5,6.8,4.6,3.6,2.2,1.2,1.1,1.0,Commonwealth of Independent States,4.672599792,9.226100922,0.629033029,64.49520874,0.801641524,-0.22892037,0.665944695,Very Low,Very Low,High,1.0,Very Low,23.38,3979765.0,Very Low,0.228,0.076,0.683,0.101,,6.706,5.922,,2.328,Yes,Yes
germany,9.1,4.8,13.6,39.2,23.2,16.1,17.3,13.3,10.4,7.6,2.6,68.9,35.8,23.2,25.0,19.3,15.9,11.5,3.3,22.2,12.5,9.4,9.4,7.1,4.7,3.4,1.8,Western Europe,7.075799942,10.7328186,0.898874462,72.20201874,0.867371082,0.080179386,0.456422031,High,High,High,1.0,Very Low,35.79,83900473.0,Low,,,,,,13.202,,,49.555,Yes,Yes
ghana,8.7,2.9,15.8,70.7,46.9,23.6,12.5,7.5,6.1,5.3,1.9,165.0,88.5,42.7,22.4,13.2,9.9,7.6,2.3,15.7,12.0,6.6,3.4,2.2,2.5,3.0,1.4,Sub-Saharan Africa,5.147999763,8.350645065,0.728601098,57.20398712,0.794796526,0.094170853,0.847964764,Very Low,Very High,Low,2.1,Low,46.98,31732129.0,High,0.011,1.095,2.378,0.018,0.015,0.058,7.733,,0.065,Yes,Yes
greece,3.8,1.5,6.1,7.2,6.4,7.1,7.5,6.4,4.3,4.0,0.7,14.3,12.0,11.7,12.3,10.3,6.1,6.3,1.1,2.4,1.8,3.0,2.8,2.5,2.4,1.5,0.3,Western Europe,5.514999866,10.13232613,0.814380348,72.40525818,0.541345119,-0.300907373,0.859931409,Low,Very Low,Very Low,0.7,Very Low,45.85,10370744.0,High,0.027,0.33,1.346,1.319,6.178,5.803,12.748,3.459,8.781,Yes,Yes
guatemala,2.9,1.7,4.4,7.4,2.8,4.1,3.1,3.5,3.2,4.3,3.1,6.6,5.3,7.8,5.6,6.5,5.1,5.9,2.6,8.0,0.8,1.1,1.0,0.9,1.5,2.6,3.6,Latin America and Caribbean,6.398900032,8.924805641,0.816621482,64.8089447,0.908147573,-0.042938665,0.783237457,Low,Low,Very High,26.1,Very High,58.67,18249860.0,Very High,0.006,0.006,1.434,,0.006,0.492,1.071,0.006,46.147,No,No
guinea,10.5,8.4,12.7,78.5,50.5,27.8,15.9,8.7,7.3,7.9,2.7,102.2,55.1,31.1,18.7,11.6,10.0,9.9,3.0,59.9,46.5,24.8,13.3,5.8,4.5,5.8,2.4,Sub-Saharan Africa,4.949299812,7.750990391,0.637573481,54.46780014,0.706846774,0.076328471,0.761794448,Very Low,High,Very Low,,,,,,,0.008,,,,0.025,,0.008,0.008,No,Yes
haiti,12.2,6.4,18.3,15.0,12.7,11.6,10.7,13.6,18.8,21.5,9.7,24.7,20.6,19.3,17.5,22.3,30.3,31.5,10.4,8.3,6.4,4.9,4.4,5.6,7.8,11.6,9.1,Latin America and Caribbean,3.720799923,7.411329269,0.593247831,55.59862518,0.537825167,0.40053457,0.684767246,Very Low,Very High,Very Low,9.5,Very High,,,,0.019,0.009,0.131,,,0.075,0.233,0.373,0.56,No,Yes
honduras,3.4,1.7,5.3,15.8,5.3,4.9,5.4,4.4,4.5,4.0,1.3,27.9,7.8,8.4,8.5,7.1,7.2,5.7,1.5,7.2,3.3,1.9,2.6,1.9,1.9,2.2,1.1,Latin America and Caribbean,5.953199863,8.424534798,0.821870148,67.19876862,0.870603263,0.086969115,0.801131904,Low,Very High,High,41.7,Very High,74.54,10062991.0,Very High,,,,,,0.658,,0.234,0.625,,
hungary,13.6,6.2,22.2,47.4,37.3,28.1,30.0,21.3,13.7,8.9,2.7,99.3,67.5,48.3,47.5,32.7,21.2,14.1,4.1,25.9,19.0,12.2,14.2,9.8,6.0,3.5,1.3,Central and Eastern Europe,6.000400066,10.24924374,0.921934128,67.60997009,0.718964577,-0.194323018,0.892916501,Very High,Very Low,Low,2.5,High,34.36,9634164.0,Low,,2.647,8.269,0.02,0.286,11.079,33.739,,2.484,No,No
iceland,13.3,4.7,21.7,8.0,8.5,24.0,13.4,20.4,21.2,14.9,10.8,0.0,12.2,37.4,17.7,38.2,30.5,25.1,21.2,13.7,5.1,10.3,9.3,2.4,11.6,4.2,0.0,Western Europe,7.504499912,10.77255917,0.974669576,73.0,0.948891878,0.246944219,0.711709738,Very High,Very High,Very High,0.9,Very Low,23.75,343353.0,Very Low,0.303,4.542,3.028,,,,,,,No,Yes
india,16.5,14.5,18.5,24.5,21.9,17.5,16.8,17.7,22.9,30.3,11.2,37.7,25.3,21.7,22.5,24.2,29.4,27.8,7.8,13.6,18.9,13.3,10.9,10.9,15.8,33.1,15.0,South Asia,3.573299885,8.849823952,0.592200935,60.21518707,0.881444871,0.057551607,0.772042692,Very Low,High,Very High,3.2,High,44.43,1393409038.0,Low,0.01,0.03,0.176,0.023,0.017,0.292,0.796,0.065,0.069,Yes,Yes
indonesia,3.7,2.2,5.2,14.4,7.9,6.6,4.6,4.5,3.6,5.1,2.0,18.2,12.0,9.4,6.9,6.4,4.9,7.4,2.7,12.0,4.6,3.7,2.4,2.6,2.2,2.6,1.3,Southeast Asia,5.285600185,9.36975193,0.808379889,62.15584946,0.870614409,0.519586504,0.876296401,Low,Very High,High,0.4,Very Low,45.93,276361783.0,High,0.019,0.104,,,,0.31,2.518,,0.175,Yes,Yes
iran,4.0,3.1,4.9,14.3,8.8,4.6,3.7,3.5,5.0,6.8,2.8,18.2,11.4,5.9,5.2,4.7,6.9,8.0,2.3,10.0,5.7,3.3,2.2,2.3,3.3,5.6,3.3,Middle East and North Africa,4.672399998,9.813719749,0.694689691,66.00614929,0.647873282,0.117891103,0.714635968,Very Low,Very High,Very Low,2.5,High,49.38,85028759.0,High,,,,,,2.016,9.451,1.512,5.166,Yes,Yes
iraq,4.1,3.4,4.7,9.1,5.8,5.6,6.6,7.0,5.4,4.8,1.2,11.9,7.1,6.5,8.3,7.8,6.3,5.4,1.3,7.4,4.8,4.8,5.0,6.1,4.5,4.2,1.0,Middle East and North Africa,4.784800053,9.661095619,0.747694969,59.90354919,0.633182645,-0.06956476,0.82226181,Low,Low,Very Low,9.9,Very High,48.42,41179350.0,High,,,,,,0.343,1.218,0.089,0.111,Yes,Yes
ireland,10.9,4.2,17.6,11.0,8.2,12.4,19.5,18.0,13.7,15.8,4.1,11.7,13.0,22.0,31.8,29.2,22.7,25.8,5.9,10.6,3.8,3.1,7.4,6.8,5.2,5.9,2.2,Western Europe,7.093699932,11.16097832,0.942081571,72.30078888,0.886982977,0.145784974,0.357184172,Very High,Very High,Very High,0.9,Very Low,45.51,4982907.0,High,0.617,0.617,3.83,0.085,4.468,,,,,Yes,Yes
israel,5.2,2.4,8.2,19.0,9.8,7.9,9.4,8.4,5.7,5.9,1.4,27.5,13.6,12.2,15.0,14.3,8.2,9.7,2.1,13.5,6.6,4.0,4.1,2.7,3.1,2.0,0.7,Middle East and North Africa,7.128600121,10.41752529,0.913571239,73.20025635,0.747580588,0.10259372,0.78085506,Very High,Very High,Low,1.4,Low,31.47,8789774.0,Very Low,0.161,0.136,,,1.637,9.87,,,88.089,Yes,Yes
italy,5.5,2.6,8.4,22.9,13.3,10.2,9.5,8.1,6.4,5.0,1.4,37.0,20.6,15.7,13.9,12.4,10.1,8.1,1.8,14.6,7.2,5.1,5.2,3.8,2.6,1.9,0.9,Western Europe,6.38740015,10.48183632,0.889878571,73.60168457,0.66465199,-0.043460999,0.873404682,High,Low,Very Low,0.7,Very Low,44.85,60367477.0,Low,,,,,,5.978,23.492,2.591,3.798,Yes,Yes
jamaica,2.0,0.9,3.2,5.3,3.7,2.8,2.9,2.7,2.5,2.8,1.2,6.7,5.5,4.4,4.9,4.3,4.1,4.3,1.4,4.3,2.1,1.2,1.0,1.0,1.0,1.3,0.9,Latin America and Caribbean,5.889800072,9.006250381,0.915701866,67.09999847,0.858068526,-0.125106767,0.888890028,Very High,Low,High,57.0,Very High,67.42,2973463.0,Very High,,,,,,1.149,10.272,0.453,0.383,Yes,Yes
japan,14.3,8.1,20.5,27.8,25.7,20.8,23.9,20.7,18.6,18.6,4.8,42.6,35.5,28.9,34.5,29.8,26.8,27.1,6.6,19.7,17.5,12.9,13.1,11.3,10.0,9.6,3.0,East Asia,5.870800018,10.57968903,0.883545935,75.00096893,0.809961379,-0.246910349,0.654558063,High,Very Low,High,0.2,Very Low,22.19,126050804.0,Very Low,8.314,0.45,7.223,3.759,0.366,11.867,83.805,8.328,3.037,Yes,Yes
jordan,3.7,2.7,4.7,18.8,9.9,5.8,4.9,5.2,4.6,3.9,1.1,25.8,14.2,7.7,6.5,6.0,5.7,4.7,1.2,13.2,6.0,4.1,3.2,4.3,3.4,3.0,1.0,Middle East and North Africa,4.633399963,9.025999069,0.80216372,66.79975128,0.75104779,-0.162565202,0.700344324,Low,Very Low,Low,1.4,Low,39.96,10269021.0,Low,0.055,0.033,0.513,,,1.125,3.297,0.218,1.266,No,Yes
kazakhstan,22.8,7.7,40.1,50.1,30.0,29.2,32.8,37.9,38.5,21.7,9.9,90.6,61.9,57.8,61.6,67.9,66.0,35.7,13.3,33.7,13.2,9.1,8.3,9.9,11.2,7.8,6.2,Commonwealth of Independent States,6.057899952,10.11465836,0.934744895,64.60996246,0.811601937,-0.068488635,0.764490843,Very High,Low,High,5.0,High,53.77,18994962.0,High,,,,,,,,,,,
kenya,5.6,2.1,9.7,56.2,28.0,12.7,8.4,4.8,3.6,3.8,1.4,107.7,49.0,21.1,13.7,7.8,6.0,6.4,2.4,17.1,11.1,5.7,3.7,1.9,1.3,1.2,0.5,Sub-Saharan Africa,4.583000183,8.02977562,0.702652037,60.09693146,0.829747558,0.294681519,0.831499159,Very Low,Very High,High,5.0,High,60.14,54985698.0,Very High,0.002,0.032,0.068,,,0.184,,,,Yes,Yes
kuwait,2.2,1.7,2.5,0.0,4.9,2.6,2.3,2.1,3.4,4.3,0.8,0.0,0.0,4.0,3.7,2.7,3.3,4.9,1.3,0.0,11.7,0.0,0.0,1.0,3.4,3.6,0.3,Middle East and North Africa,6.102099895,11.08982468,0.846475244,66.76764679,0.872366488,-0.100184701,0.760849059,High,Low,High,1.8,Low,33.42,4328550.0,Low,,,,,,,,,,,
kyrgyzstan,9.1,3.7,14.8,14.3,9.0,10.4,11.7,14.8,13.6,9.2,7.3,14.2,18.0,18.1,21.3,25.8,23.2,14.4,8.7,14.4,3.3,4.4,3.1,4.3,3.9,4.0,5.9,Commonwealth of Independent States,5.541500092,8.148405075,0.887228489,64.10601044,0.909374893,0.154772058,0.888396084,High,Very High,Very High,,,56.87,6628356.0,Very High,0.085,0.136,1.159,0.051,,1.688,7.365,,0.409,Yes,Yes
latvia,17.2,5.1,31.0,31.7,23.7,25.6,30.8,25.4,27.3,18.0,5.4,74.0,54.5,46.5,57.7,43.4,47.2,30.5,9.3,17.6,8.2,11.1,8.0,8.4,6.7,4.8,1.3,Central and Eastern Europe,5.949999809,10.17531967,0.918288589,66.8074646,0.671237648,-0.186888844,0.795580089,Very High,Very Low,Very Low,4.2,High,38.77,1866942.0,Low,,,,,,9.987,22.834,,,No,No
lebanon,3.2,2.2,4.2,11.3,7.6,5.7,5.2,4.5,3.9,3.7,1.0,16.6,11.2,8.1,7.2,6.4,4.4,3.7,1.0,7.2,4.0,3.2,2.4,2.3,3.3,3.7,0.9,Middle East and North Africa,4.771500111,9.3617239,0.824338138,67.10658264,0.551357508,-0.06121527,0.90225625,Low,Low,Very Low,4.0,High,46.77,6769146.0,High,,,,,,1.213,3.145,1.333,3.298,Yes,Yes
lesotho,28.9,32.6,22.7,164.7,97.1,55.4,48.5,35.7,28.7,23.3,9.7,80.8,45.4,33.1,33.7,29.8,30.4,27.4,8.8,210.4,133.7,69.9,56.9,40.7,26.9,19.1,10.6,Sub-Saharan Africa,3.652800083,7.960488319,0.780495703,48.00362396,0.738125861,-0.145732045,0.857392073,Low,Very Low,Low,41.2,Very High,,,,,,,,,,,,,,
liberia,13.4,13.0,13.8,132.1,86.9,45.3,19.2,9.1,5.9,4.6,2.1,140.0,75.2,39.8,19.8,11.2,8.0,6.2,2.6,126.0,97.1,50.1,18.6,7.1,3.8,2.9,1.5,Sub-Saharan Africa,4.557899952,7.054380417,0.70928055,56.09631348,0.735268712,0.04227322,0.856375933,Very Low,High,Low,3.2,High,,,,0.022,0.067,0.622,,,0.044,6.401,1.4,,Yes,Yes
libya,5.5,2.3,8.7,15.1,9.8,7.2,7.8,8.5,7.7,6.6,1.8,23.9,16.1,11.6,13.3,13.7,12.2,10.0,2.6,8.7,4.4,3.1,2.5,3.0,3.2,3.3,1.0,Middle East and North Africa,5.488800049,9.789815903,0.825942934,62.29999924,0.773157001,-0.085054487,0.668779135,Low,Low,Low,,,61.78,6958532.0,Very High,0.032,,,,,,,,,No,No
lithuania,25.7,6.7,47.5,46.0,37.5,40.4,46.0,42.2,36.3,27.1,8.1,126.6,81.6,78.5,85.4,75.0,63.2,49.6,13.4,18.0,13.9,13.3,12.3,12.0,9.2,3.2,2.5,Central and Eastern Europe,6.215499878,10.34362602,0.926107109,67.29407501,0.747381449,-0.219725296,0.809583843,Very High,Very Low,Low,4.5,High,33.42,2689862.0,Low,0.136,0.682,3.922,,,18.452,49.763,,15.86,Yes,Yes
luxembourg,10.4,5.8,15.0,32.8,38.5,21.1,19.2,14.1,9.1,8.0,4.8,44.4,50.2,28.9,28.6,20.5,13.0,12.8,6.7,26.1,28.6,13.1,9.3,7.3,5.3,3.0,2.9,Western Europe,7.237500191,11.45068073,0.906912208,72.59999847,0.90563643,-0.004620588,0.367084295,Very High,High,Very High,0.3,Very Low,34.13,634814.0,Low,,,,,,17.821,,,,Yes,No
madagascar,6.9,3.6,10.5,56.2,35.9,18.4,11.3,6.6,4.1,3.3,1.9,98.6,57.6,27.0,16.3,9.8,5.8,4.8,2.7,20.4,18.1,10.7,6.5,3.5,2.3,1.9,1.1,Sub-Saharan Africa,4.165599823,7.281685829,0.668195903,59.10542679,0.557574093,-0.011823639,0.817485631,Very Low,High,Very Low,,,,,,0.021,0.045,,0.004,0.008,0.058,0.314,0.05,0.062,Yes,Yes
malawi,7.8,3.2,13.7,90.8,46.6,19.8,11.7,6.1,3.9,3.2,1.3,178.0,80.1,33.9,20.8,10.1,6.5,5.2,2.0,32.5,21.6,9.5,4.7,2.2,1.4,1.2,0.6,Sub-Saharan Africa,3.538000107,7.062226295,0.544007301,57.59288788,0.803223193,0.021433279,0.731700778,Very Low,High,High,1.7,Low,,,,,,,,,,,,,,
malaysia,6.2,3.6,8.7,47.3,24.3,15.8,10.9,5.9,4.4,4.0,1.9,60.1,33.6,21.9,15.8,8.5,6.4,6.0,2.9,36.4,15.6,9.7,5.7,3.2,2.2,1.8,0.9,Southeast Asia,5.384300232,10.26251888,0.816509426,67.10215759,0.894626856,0.114726797,0.839302301,Low,Very High,Very High,2.1,Low,57.29,32776194.0,Very High,0.013,0.153,0.316,3.118,,1.048,6.838,,1.029,Yes,Yes
maldives,2.7,1.6,3.6,26.0,14.0,5.7,2.6,1.9,1.8,2.8,1.2,34.9,19.5,7.8,3.7,2.6,2.4,3.5,1.0,14.3,8.2,3.4,1.3,0.9,0.8,1.6,1.4,South Asia,5.197599888,9.518632889,0.91316092,70.59999847,0.853962779,0.038085498,0.824211061,Very High,High,High,,,55.34,543617.0,High,,,,,,2.39,,0.478,2.151,No,Yes
mali,8.9,4.7,13.5,69.2,39.4,20.8,12.6,7.4,6.7,7.4,2.8,113.9,60.1,30.0,18.8,12.0,11.0,10.8,3.6,31.9,23.3,13.4,7.3,3.0,2.5,3.9,1.9,Sub-Saharan Africa,4.729300022,7.629852295,0.731468976,51.72698212,0.71156615,-0.044366926,0.839328408,Very Low,Low,Very Low,,,,,,,0.006,,,,0.029,0.092,,0.011,No,No
malta,6.5,2.8,10.3,12.4,8.8,3.8,13.2,13.0,7.7,5.3,4.8,33.0,14.0,6.8,20.9,22.1,12.6,8.3,4.2,0.0,4.3,1.0,5.5,3.5,2.4,2.1,5.3,Western Europe,6.772799969,10.53383827,0.93037951,72.19999695,0.924911439,0.214965805,0.658547282,Very High,Very High,Very High,0.9,Very Low,40.39,442784.0,Low,,,,,,,,,,,
mauritania,7.5,3.6,12.1,60.5,37.3,20.7,12.9,6.8,4.6,4.3,1.4,112.3,61.9,32.0,19.9,10.9,7.2,6.5,1.8,25.8,19.6,10.9,6.1,2.7,1.9,2.0,1.0,Sub-Saharan Africa,4.374599934,8.233919144,0.790819228,57.01017761,0.551522553,-0.106008142,0.746223509,Low,Low,Very Low,,,,,,,,,,,0.072,0.215,,0.143,,
mauritius,7.3,2.2,12.5,4.0,5.5,6.4,7.4,11.0,11.8,12.9,3.7,11.5,12.9,11.9,12.7,18.4,19.2,20.4,7.4,0.0,0.0,1.5,2.3,3.5,4.4,5.2,0.0,Sub-Saharan Africa,6.101299763,9.956786156,0.910357833,66.40434265,0.889534533,-0.018318573,0.805343091,Very High,High,Very High,1.8,Low,48.88,1273433.0,High,,,,,,2.382,,1.509,,Yes,Yes
mexico,5.2,2.3,8.2,15.7,7.9,6.1,5.9,6.0,6.5,7.5,4.2,24.8,13.0,10.7,10.1,10.2,10.4,11.8,5.3,9.5,3.3,1.9,2.0,1.9,2.7,3.1,3.1,Latin America and Caribbean,6.465000153,9.797797203,0.838665426,68.29902649,0.858709276,-0.175266623,0.806821585,High,Very Low,High,24.8,Very High,54.19,130262216.0,High,0.029,0.006,0.126,0.079,0.012,0.207,2.239,0.53,3.459,Yes,Yes
moldova,13.4,3.8,24.1,19.7,13.6,26.9,27.8,23.8,13.6,11.4,7.1,34.5,23.4,51.3,53.6,44.5,23.2,19.2,11.1,12.9,7.9,8.7,5.9,4.3,3.7,3.5,2.9,Commonwealth of Independent States,5.607500076,8.776714325,0.843313575,65.01301575,0.721609175,-0.037741039,0.913314283,High,Low,Low,3.2,High,46.35,4024019.0,High,,,,,,,,,,Yes,Yes
mongolia,13.3,3.8,23.3,19.0,15.9,12.5,17.4,22.2,21.7,16.4,6.9,42.8,27.4,20.4,31.5,40.0,39.3,27.8,10.7,6.6,7.4,6.1,5.2,5.1,3.7,4.8,3.1,East Asia,5.456200123,9.412186623,0.937142491,62.30448532,0.693351328,0.098093867,0.863511205,Very High,Very High,Very Low,6.2,High,56.01,3329289.0,Very High,0.034,0.47,0.067,,,4.031,4.199,0.101,0.101,Yes,No
montenegro,7.9,3.6,12.6,42.0,25.3,17.9,13.0,9.5,8.2,6.4,2.4,70.8,40.5,27.7,18.7,14.3,13.8,10.7,4.0,23.9,14.5,9.0,7.3,4.8,2.5,1.8,0.6,Central and Eastern Europe,5.54610014,9.751860619,0.855314612,68.50534821,0.649565637,-0.075600356,0.783121586,High,Low,Very Low,2.4,Low,41.18,628053.0,Low,0.318,0.318,,,,8.278,18.307,1.114,,Yes,Yes
morocco,3.1,3.6,2.5,18.5,7.9,4.6,3.3,3.4,3.8,3.8,1.1,16.2,7.5,3.1,2.4,3.1,3.7,2.8,0.8,20.0,8.2,6.0,4.2,3.7,3.9,4.8,1.5,Middle East and North Africa,5.094799995,8.940313339,0.592628479,65.89624023,0.772072434,-0.240377247,0.815724611,Very Low,Very Low,Low,2.1,Low,48.66,37344795.0,High,0.032,0.08,0.371,0.101,0.069,0.839,2.451,0.646,0.575,Yes,Yes
mozambique,8.4,4.1,14.0,76.3,41.9,17.1,11.5,7.2,6.5,6.1,2.9,154.6,72.0,25.5,18.4,11.3,10.4,9.5,4.2,27.7,20.4,10.4,6.0,3.8,2.9,2.8,1.5,Sub-Saharan Africa,4.623600006,7.069345951,0.723874032,54.20582199,0.864451885,0.032375868,0.683019102,Very Low,High,High,3.4,High,,,,0.007,0.039,0.768,0.021,,0.046,,0.018,0.389,No,Yes
myanmar,8.1,9.8,6.3,26.6,15.7,11.7,8.8,8.8,10.3,12.3,4.7,17.8,14.4,10.8,7.4,6.4,7.6,9.6,3.3,32.1,16.7,12.4,10.1,11.0,12.9,15.0,6.2,Southeast Asia,4.308000088,8.680481911,0.78440702,58.96171188,0.895075202,0.560663998,0.645124316,Low,Very High,Very High,2.3,Low,46.51,54806012.0,High,0.004,0.042,0.073,,,0.384,0.321,0.013,,Yes,Yes
namibia,11.5,4.9,19.4,39.1,26.5,19.7,20.8,15.8,12.7,11.4,4.6,75.9,44.2,32.7,34.2,25.8,21.7,19.9,7.2,18.7,14.8,10.6,10.1,6.9,4.3,3.1,2.0,Sub-Saharan Africa,4.571100235,9.203141212,0.846880972,56.50148773,0.767520964,-0.18530646,0.851449788,High,Very Low,Low,17.1,Very High,65.21,2587344.0,Very High,,0.082,0.082,,0.041,0.371,0.907,0.206,1.443,Yes,No
nepal,9.6,8.0,11.4,38.6,18.4,12.5,10.8,9.6,10.8,15.8,6.0,59.0,24.8,17.6,15.7,12.5,11.9,16.4,5.0,22.8,12.7,8.1,5.9,7.0,9.9,15.3,7.0,South Asia,5.137199879,7.925357342,0.785512447,63.77917862,0.797565043,0.154168829,0.738099158,Low,Very High,Low,2.2,Low,36.01,29674920.0,Low,0.021,0.063,0.112,,,0.356,0.558,,0.523,No,Yes
netherlands,9.6,6.4,12.9,32.8,16.9,17.3,19.3,15.0,12.3,8.3,2.4,37.6,21.2,23.3,25.8,20.3,16.9,11.5,2.9,29.9,13.0,11.4,12.8,9.7,7.6,5.1,1.8,Western Europe,7.448900223,10.81271172,0.93913883,72.30091858,0.908547819,0.20761244,0.364717126,Very High,Very High,Very High,0.8,Very Low,27.16,17173099.0,Very Low,,,,,,20.87,,,123.464,Yes,Yes
new zealand,11.6,6.2,17.3,21.7,9.0,8.1,14.6,16.4,14.3,18.1,11.2,24.4,16.5,12.7,20.8,27.3,21.6,27.1,14.2,19.7,2.2,3.8,8.9,6.5,7.5,8.7,8.1,North America and ANZ,7.299600124,10.50094318,0.949118972,73.20262909,0.936217487,0.191598073,0.22113885,Very High,Very High,Very High,0.7,Very Low,42.88,4860643.0,Low,,0.607,,,,28.54,75.132,,,Yes,Yes
nicaragua,11.9,5.0,19.2,9.4,7.9,8.2,9.8,12.2,17.0,24.2,11.6,19.4,15.4,15.5,18.1,21.1,29.4,38.9,13.2,2.4,1.8,2.4,2.9,4.5,5.2,9.0,10.0,Latin America and Caribbean,6.13710022,8.493160248,0.857497036,67.50717926,0.863902867,0.020959141,0.665950119,High,High,High,7.4,High,47.89,6702385.0,High,,,,,,0.691,,3.568,1.792,Yes,No
niger,9.0,6.7,11.5,69.1,42.1,22.8,15.9,7.8,5.6,5.2,3.1,94.7,49.6,26.5,18.0,10.2,8.6,7.7,4.0,49.2,36.2,18.8,13.2,5.4,2.8,3.0,2.1,Sub-Saharan Africa,4.909599781,6.842166901,0.617435038,53.50009537,0.759772122,0.013860817,0.722530186,Very Low,High,Low,4.4,High,,,,,0.033,1.685,0.019,,0.014,0.126,0.028,0.019,No,Yes
nigeria,17.3,17.1,17.5,127.0,86.9,48.8,26.0,14.6,12.1,11.4,4.0,130.7,74.0,41.7,25.0,17.0,14.7,13.9,4.3,123.9,98.6,55.4,27.1,12.2,9.5,8.9,3.7,Sub-Saharan Africa,4.724100113,8.57662487,0.73721689,49.86190796,0.759578407,0.033745807,0.861874342,Very Low,High,Low,,,64.06,211400708.0,Very High,,,,,,,,,,No,No
norway,10.1,6.5,13.6,32.1,12.4,16.3,17.6,15.1,13.1,12.2,3.0,37.1,17.4,20.9,22.8,20.2,18.7,17.0,3.9,29.1,7.9,11.7,12.1,9.6,7.1,7.1,2.2,Western Europe,7.487999916,11.08780384,0.952486575,73.20078278,0.955750287,0.13453263,0.263218194,Very High,Very High,Very High,0.5,Very Low,33.72,5465630.0,Low,0.577,0.481,1.308,0.885,,48.04,,,73.522,Yes,Yes
pakistan,3.1,3.1,3.0,7.5,4.0,2.9,2.7,2.9,3.8,5.5,3.1,7.5,4.0,3.2,3.2,3.6,4.5,4.9,2.1,7.5,4.0,2.7,2.1,2.2,3.1,6.1,4.3,South Asia,5.69329977,8.482727051,0.689062297,58.25313568,0.734833717,0.04489987,0.745705426,Very Low,High,Low,4.2,High,42.51,225199937.0,Low,0.006,0.422,2.3,,0.305,,,,,Yes,No
panama,4.4,1.2,7.6,9.5,7.0,4.2,5.2,4.9,5.9,6.8,3.5,15.7,13.5,8.1,8.7,8.7,10.3,11.9,5.5,4.5,1.2,0.6,1.8,1.1,1.4,1.6,1.4,Latin America and Caribbean,6.304800034,10.03423405,0.902094483,69.60301208,0.880366504,-0.153927714,0.851588905,High,Very Low,Very High,9.7,Very High,45.15,4381579.0,High,0.025,0.277,2.696,0.025,,4.031,3.452,9.221,7.331,No,Yes
paraguay,9.3,6.2,12.3,11.0,7.8,8.3,7.6,8.2,11.4,19.9,9.6,19.9,12.9,12.8,10.6,11.3,15.4,27.0,9.5,4.2,3.1,3.7,4.5,5.0,7.1,12.6,9.7,Latin America and Caribbean,5.692100048,9.389982224,0.898727894,65.63993835,0.885923445,0.007997713,0.834788501,High,High,Very High,8.9,Very High,49.37,7219638.0,High,0.03,0.03,1.416,0.015,0.09,,,,,No,Yes
peru,5.1,2.7,7.6,11.7,8.7,8.3,7.2,6.8,6.3,6.5,2.8,17.5,13.9,14.1,11.9,10.5,9.3,9.0,2.9,7.8,4.1,3.1,2.8,3.1,3.1,3.9,2.6,Latin America and Caribbean,5.796800137,9.456313133,0.831075251,68.10023499,0.824766099,-0.16238822,0.893714964,High,Very Low,High,7.7,Very High,66.72,33359418.0,Very High,0.01,0.057,0.166,0.016,0.022,2.948,5.995,,9.507,Yes,Yes
philippines,3.7,2.3,5.2,35.1,8.7,4.1,3.8,3.3,3.6,5.0,2.5,39.3,13.3,7.2,5.9,4.9,5.6,6.8,2.9,32.6,5.3,1.3,1.8,1.7,1.5,3.1,2.1,Southeast Asia,6.006000042,8.993545532,0.846730053,61.92676163,0.915463448,-0.105463006,0.733634114,High,Low,Very High,8.4,Very High,42.46,111046913.0,Low,0.001,0.083,0.211,0.002,0.058,0.518,,,0.885,Yes,Yes
poland,13.4,3.4,23.9,14.5,16.0,21.7,27.7,20.8,15.7,15.7,5.4,35.8,33.3,40.1,49.4,35.5,27.9,28.2,8.4,5.1,4.7,6.3,7.2,6.0,3.2,2.6,2.2,Central and Eastern Europe,6.186299801,10.26512432,0.874257445,69.31113434,0.862055779,-0.205084071,0.686927021,High,Very Low,High,0.8,Very Low,30.5,37797005.0,Very Low,0.125,0.261,3.207,0.716,,24.176,30.916,,16.346,Yes,Yes
portugal,8.6,3.8,14.3,47.3,28.7,18.1,16.8,13.8,8.7,4.7,1.3,94.9,48.4,29.6,26.5,22.0,14.5,7.9,1.9,20.2,13.6,8.2,8.1,6.1,3.2,1.5,0.7,Western Europe,5.910900116,10.26374245,0.886590719,72.40202332,0.888747811,-0.220714301,0.892629504,High,Very Low,Very High,0.7,Very Low,29.91,10167925.0,Very Low,0.029,0.288,0.701,0.518,0.269,,,,,Yes,Yes
romania,8.0,2.4,13.9,16.0,16.2,16.4,16.8,13.3,8.9,5.7,2.9,31.6,32.3,30.1,30.9,22.4,15.0,9.4,4.1,7.2,5.8,5.2,3.5,3.9,2.5,1.7,1.6,Central and Eastern Europe,6.123700142,10.107584,0.825161517,67.20723724,0.842823207,-0.19781521,0.934300244,Low,Very Low,High,1.5,Low,28.3,19127774.0,Very Low,0.171,0.392,0.911,0.277,,5.665,18.71,0.503,1.479,Yes,Yes
rwanda,11.0,6.0,16.9,93.4,48.3,24.3,17.5,9.7,8.0,8.0,3.0,168.5,76.9,35.3,25.7,14.9,12.4,11.6,4.1,40.7,28.4,15.1,9.3,4.9,4.1,4.5,1.9,Sub-Saharan Africa,3.312299967,7.600104332,0.54083544,61.09884644,0.900589406,0.055483952,0.183541179,Very Low,High,Very High,2.5,High,24.89,13276513.0,Very Low,0.017,0.396,0.404,,,0.06,1.376,0.172,0.387,No,Yes
saudi arabia,3.4,1.7,4.6,8.5,8.2,6.2,4.8,4.9,3.5,4.0,1.6,11.6,12.3,8.1,6.0,6.3,4.7,5.8,2.4,5.8,3.7,3.3,2.4,2.5,1.9,1.9,0.8,Middle East and North Africa,6.406499863,10.79781246,0.874067068,66.30514526,0.854191244,-0.168695062,0.682619512,High,Very Low,High,1.3,Low,25.23,35340683.0,Very Low,0.079,0.013,0.507,,0.013,1.321,10.66,3.955,2.034,Yes,Yes
senegal,11.8,5.2,20.3,119.9,70.8,33.7,18.5,8.7,5.8,4.9,2.3,231.3,121.0,56.4,31.7,15.2,9.5,7.3,3.4,44.1,33.1,16.3,8.1,3.3,2.4,2.6,1.2,Sub-Saharan Africa,4.980800152,8.118982315,0.723616004,59.59915161,0.690596163,-0.052335154,0.808785141,Very Low,Low,Very Low,,,,,,0.007,0.027,0.04,,0.027,0.2,0.267,0.067,0.02,Yes,Yes
serbia,10.9,5.2,17.3,64.6,43.2,22.2,22.2,15.7,10.1,5.9,1.3,121.1,70.6,35.4,35.3,23.9,15.0,9.1,2.2,33.7,23.0,10.6,9.8,7.6,5.1,2.5,0.3,Central and Eastern Europe,5.77820015,9.680980682,0.881475747,68.21020508,0.726495862,-0.073676221,0.843509018,High,Low,Low,1.1,Very Low,38.1,8697550.0,Low,,,,,,8.643,13.173,0.362,4.553,Yes,Yes
sierra leone,16.1,14.2,18.2,93.7,65.6,39.3,24.9,15.9,13.2,14.8,4.1,112.8,66.9,37.7,23.7,17.8,17.4,19.8,5.2,76.6,64.4,40.8,26.0,14.0,9.1,10.0,3.0,Sub-Saharan Africa,3.926399946,7.26880312,0.636142015,50.86514282,0.715315044,0.088660747,0.861330688,Very Low,Very High,Low,1.7,Low,,,,,,,,,0.041,0.332,0.028,0.028,No,Yes
singapore,7.9,4.9,11.1,26.8,22.8,15.6,12.4,11.3,7.6,7.6,3.7,46.1,36.5,22.8,18.2,14.8,9.8,10.7,4.0,14.7,11.0,8.6,6.6,7.9,5.6,4.3,3.3,Southeast Asia,6.377099991,11.39552116,0.910268962,76.80458069,0.926645339,0.029879224,0.109784193,Very High,High,Very High,0.2,Very Low,27.96,5896686.0,Very Low,0.018,0.072,0.217,0.163,0.054,4.191,,,,Yes,Yes
slovakia,10.1,2.6,18.4,21.7,19.5,17.6,21.9,16.6,11.8,9.2,2.5,55.5,43.0,32.4,37.8,29.1,20.6,16.1,4.1,6.7,4.8,5.2,6.8,3.8,2.5,2.1,0.9,Central and Eastern Europe,6.280600071,10.34774971,0.922493756,68.90634155,0.749952674,-0.124409303,0.918096125,Very High,Low,Low,,,30.37,5460721.0,Very Low,,,,,,,,,,Yes,Yes
slovenia,13.3,4.5,22.4,38.9,35.8,26.7,26.4,19.1,14.2,12.3,3.0,96.4,60.0,41.0,44.8,30.8,23.7,20.9,4.9,12.2,17.0,12.8,7.6,6.6,3.8,3.1,0.9,Central and Eastern Europe,6.363399982,10.39232254,0.939575672,71.1029892,0.936142623,-0.080603383,0.817071021,Very High,Low,Very High,0.9,Very Low,22.28,2078724.0,Very Low,0.241,0.048,5.832,2.121,3.518,11.953,36.727,1.976,9.302,Yes,No
south africa,12.8,5.1,21.7,33.3,28.1,23.9,24.7,18.5,14.4,12.6,4.2,61.6,48.9,41.7,42.9,31.5,23.7,20.6,6.1,22.1,15.5,10.4,9.4,6.1,4.7,4.4,2.3,Sub-Saharan Africa,4.814099789,9.403370857,0.852532268,56.50601196,0.759330094,-0.109777324,0.843423843,High,Low,Low,35.9,Very High,76.86,60041994.0,Very High,0.116,0.072,0.11,,,1.521,,,,Yes,Yes
south sudan,6.1,4.1,8.3,42.7,27.6,14.4,9.7,5.6,4.7,4.7,1.6,71.6,39.4,18.2,12.4,7.3,6.5,6.3,1.8,21.0,17.5,10.9,7.2,3.9,2.8,3.1,1.3,Sub-Saharan Africa,2.816600084,7.425359726,0.553707123,51.0,0.451313615,0.016518548,0.763417304,Very Low,High,Very Low,,,,,,,0.008,0.008,,,0.025,0.017,,0.261,No,No
spain,6.1,3.1,9.3,21.2,14.2,10.6,11.8,10.6,6.6,5.1,1.5,41.3,22.7,15.9,18.1,15.6,9.8,7.6,2.0,9.5,7.2,5.8,5.6,5.4,3.3,2.5,1.0,Western Europe,6.400899887,10.46292686,0.921125412,74.40270996,0.751989543,-0.050961714,0.765859902,Very High,Low,Low,0.7,Very Low,33.32,46745216.0,Low,,,,,,9.694,2.873,0.114,,No,Yes
sri lanka,14.2,6.2,23.3,50.9,27.2,19.0,17.0,18.4,17.3,21.9,6.2,84.7,46.1,32.2,30.1,32.5,29.9,34.6,6.2,28.2,13.0,7.8,5.1,5.0,6.0,10.2,6.2,South Asia,4.327000141,9.389969826,0.825374067,67.20006561,0.837633669,0.081129618,0.859001756,Low,High,High,2.3,Low,41.39,21497310.0,Low,,,,,,0.517,3.278,0.285,0.246,Yes,Yes
sweden,11.7,7.4,15.8,45.3,18.4,17.3,20.3,16.6,15.1,13.5,3.5,47.0,26.1,23.5,26.2,23.3,21.8,18.2,4.5,44.2,11.2,11.1,14.1,9.7,8.1,8.6,2.4,Western Europe,7.353499889,10.75879383,0.926311195,72.60076904,0.939144194,0.111614622,0.250880182,Very High,Very High,Very High,1.1,Very Low,48.0,10160169.0,High,,,,,,20.863,50.566,,,No,Yes
switzerland,11.3,6.9,15.8,84.6,28.1,21.5,21.7,14.9,9.8,9.0,4.1,107.3,37.5,30.3,29.3,21.1,13.9,13.6,5.8,71.1,20.0,13.0,13.9,8.6,5.8,4.3,2.4,Western Europe,7.559899807,10.97993279,0.942846596,74.10244751,0.921336651,0.105911039,0.303728431,Very High,Very High,Very High,0.5,Very Low,21.62,8715494.0,Very Low,,,,,,43.956,92.659,,84.137,No,Yes
tajikistan,3.3,1.7,5.0,12.4,9.1,7.6,6.0,4.7,3.6,2.3,1.0,17.1,11.2,10.6,10.6,8.0,5.7,3.0,1.3,9.1,7.2,4.8,1.9,1.5,1.5,1.6,0.8,Commonwealth of Independent States,5.555699825,8.024810791,0.835297108,64.10459137,0.831383407,-0.025088511,0.592076063,High,High,High,1.6,Low,,,,0.035,0.129,0.164,,,1.392,1.497,,,Yes,No
tanzania,9.6,5.4,14.3,80.6,43.0,22.6,15.3,9.1,6.6,6.7,2.5,139.2,67.7,32.6,21.5,12.7,9.5,10.1,3.3,29.4,23.4,14.4,9.6,5.6,3.8,3.5,1.6,Sub-Saharan Africa,3.476200104,7.967665195,0.688933194,57.49607468,0.82153976,0.109668687,0.619799435,Very Low,Very High,High,6.2,High,56.0,61498437.0,High,,,,,,,,,,,
thailand,12.9,4.8,21.4,27.3,22.6,17.8,17.0,15.0,20.4,18.0,5.6,38.9,34.4,26.1,26.3,25.9,36.3,30.9,9.2,19.5,13.3,10.6,8.5,4.9,4.8,5.0,1.8,Southeast Asia,5.998799801,9.741791725,0.889973223,67.25059509,0.905063033,0.268685192,0.886272311,High,Very High,Very High,3.2,High,39.35,69950850.0,Low,0.028,0.151,1.302,0.007,,0.721,7.418,0.836,1.749,Yes,Yes
togo,16.6,10.9,22.7,124.5,77.3,43.3,24.8,15.6,12.9,10.7,4.0,187.6,99.6,54.7,34.7,22.7,18.4,14.3,5.3,75.5,58.3,33.0,15.5,8.7,7.4,7.0,2.8,Sub-Saharan Africa,4.187200069,7.357711315,0.551312625,54.71989822,0.649828613,0.002667875,0.757733464,Very Low,High,Very Low,,,,,,0.013,0.108,0.04,,0.04,0.054,0.27,0.054,0.404,No,Yes
trinidad and tobago,12.9,4.3,21.9,17.6,15.2,16.9,10.1,17.4,19.6,21.9,7.3,50.9,29.5,28.0,17.3,29.3,33.2,36.7,10.6,0.0,4.4,6.6,3.2,5.7,6.1,6.9,3.8,Latin America and Caribbean,6.191899776,10.26000214,0.91529417,63.5,0.857907116,0.000526841,0.912230611,Very High,High,High,30.9,Very High,71.63,1403375.0,Very High,,,,,,,,,,Yes,Yes
tunisia,3.2,2.2,4.4,13.2,8.2,5.9,5.6,4.5,3.7,3.1,0.9,16.0,10.9,7.6,8.0,6.4,5.1,4.2,1.0,11.2,5.9,4.3,3.3,2.7,2.3,2.0,0.9,Middle East and North Africa,4.392199993,9.314972878,0.688718557,66.89785767,0.593361557,-0.216413811,0.867590249,Very Low,Very Low,Very Low,3.0,High,43.69,11935766.0,Low,,,,,,,0.195,,0.009,No,Yes
turkey,7.2,3.2,11.3,10.1,5.6,3.0,3.1,6.7,13.8,15.6,5.4,18.5,9.8,4.9,4.9,11.3,22.7,24.3,6.5,5.4,2.3,1.5,1.4,2.4,4.9,6.8,4.2,Middle East and North Africa,5.131800175,10.12941933,0.826313555,66.90281677,0.608830452,-0.171046436,0.748197377,Low,Very Low,Very Low,4.3,High,39.62,85042738.0,Low,0.011,0.455,0.19,,0.174,1.637,150.251,1.643,2.537,No,Yes
turkmenistan,7.2,3.7,11.0,11.1,9.1,8.2,9.6,10.0,8.6,9.7,5.9,17.2,13.3,13.3,17.0,17.6,14.5,13.6,6.2,7.8,6.1,4.1,3.3,2.8,2.9,5.8,5.6,Commonwealth of Independent States,5.119100094,9.74803257,0.958966196,62.21170807,0.826457024,0.187671542,0.883691847,Very High,Very High,High,4.2,High,,,,,,,,,,,,,,
uganda,20.0,18.7,21.2,153.3,99.1,47.8,29.6,17.9,14.5,14.3,5.3,176.6,88.6,41.9,30.6,20.2,18.1,17.9,6.1,137.2,107.0,52.2,28.8,15.6,10.9,10.7,4.6,Sub-Saharan Africa,4.43200016,7.500389576,0.764994621,55.70820236,0.731713951,0.099487431,0.836737812,Low,Very High,Low,11.0,Very High,56.12,47123531.0,Very High,0.002,0.032,0.942,,,0.082,2.242,0.037,0.037,Yes,Yes
ukraine,18.5,4.7,34.5,34.2,27.9,25.0,29.8,30.5,27.3,20.4,6.7,79.0,62.4,51.3,58.4,55.3,48.9,35.9,10.6,17.4,10.4,7.2,6.4,7.8,5.8,4.2,2.5,Commonwealth of Independent States,4.56069994,9.010690689,0.878879368,64.60678101,0.663081884,-0.030933706,0.920636714,High,High,Very Low,6.2,High,47.42,43466819.0,High,0.139,0.052,0.049,1.576,,6.93,,,,Yes,No
united arab emirates,2.7,0.8,3.5,6.7,5.6,4.4,3.2,2.8,2.8,4.0,1.8,9.0,7.2,5.6,3.7,3.4,3.5,4.9,3.2,3.3,1.4,1.6,1.4,0.9,0.8,1.0,0.3,Middle East and North Africa,6.790800095,11.1099987,0.849181116,67.08278656,0.941345513,0.123450845,0.594502211,High,Very High,Very High,0.5,Very Low,15.23,9991089.0,Very Low,0.011,0.055,0.524,,0.033,1.649,4.37,0.36,0.765,Yes,Yes
united kingdom,7.6,3.5,11.9,15.4,7.4,8.5,13.4,15.0,10.8,8.6,2.2,19.7,11.3,13.0,20.8,24.0,16.7,13.4,3.2,12.6,3.9,4.2,6.2,6.1,4.9,3.5,1.2,Western Europe,7.164500237,10.60013485,0.93668282,72.30160522,0.834743679,0.263732493,0.435915917,Very High,Very High,High,1.2,Low,46.07,68207116.0,High,,,,,,,,,,Yes,Yes
united states,13.7,6.4,21.1,25.1,18.4,17.9,21.7,19.3,19.2,18.0,6.3,49.7,32.5,27.9,32.0,28.5,29.4,28.9,9.0,9.6,6.6,8.8,11.6,10.1,9.0,6.6,3.4,North America and ANZ,6.939599991,10.92576885,0.914219022,68.29949951,0.842619538,0.149891734,0.699715316,Very High,Very High,High,5.3,High,47.81,332915073.0,High,0.189,0.349,0.373,,,10.542,4.283,60.338,29.864,No,Yes
uruguay,16.5,7.1,26.8,38.9,32.7,23.6,22.1,22.0,20.6,23.0,8.1,89.7,57.7,39.0,35.6,33.9,31.5,38.4,12.1,17.5,15.1,10.4,9.8,10.4,9.8,7.1,3.9,Latin America and Caribbean,6.440100193,9.948192596,0.92281127,69.00254822,0.892395437,-0.101103112,0.635994136,Very High,Low,Very High,8.2,Very High,51.73,3485151.0,High,0.321,0.699,,0.612,,14.134,,,,Yes,Yes
uzbekistan,7.4,4.6,10.3,4.8,6.6,7.1,7.5,9.7,9.3,10.6,9.0,7.1,11.2,12.8,13.9,16.7,13.9,12.2,8.5,3.5,3.1,2.2,1.7,3.0,4.7,9.0,9.6,Commonwealth of Independent States,6.257599831,8.740371704,0.926595807,65.10757446,0.974998116,0.248427153,0.501497388,Very High,Very High,Very High,1.1,Very Low,33.42,33935763.0,Low,0.081,0.013,0.084,0.052,,2.612,9.214,,0.09,Yes,Yes
venezuela,3.8,1.2,6.6,8.9,7.1,5.7,4.6,4.0,4.6,5.4,3.0,20.5,12.5,10.3,8.2,6.8,8.2,9.5,4.3,2.2,2.7,1.5,1.1,1.2,1.1,1.3,1.7,Latin America and Caribbean,5.053199768,8.977793694,0.890408158,66.50534058,0.62327832,-0.169090509,0.837038398,High,Very Low,Very Low,56.3,Very High,83.76,28704954.0,Very High,,,,,,,,,,,
vietnam,7.0,3.4,10.8,20.9,16.6,14.8,8.3,7.7,10.3,9.0,1.8,29.4,26.2,20.6,12.9,12.8,17.1,13.5,2.5,17.1,10.5,10.1,4.0,2.6,3.5,4.2,1.0,Southeast Asia,5.353499889,8.809545517,0.849987149,67.9527359,0.939592957,-0.094533332,0.79642123,High,Low,Very High,1.5,Low,46.19,98168833.0,High,0.043,0.017,0.009,,,,,,,,
yemen,9.8,6.2,13.4,13.1,9.7,8.3,9.1,12.2,17.5,17.7,4.5,18.2,14.2,11.9,13.6,17.4,24.8,22.9,5.2,9.4,5.9,4.9,5.1,7.0,9.9,12.3,3.9,Middle East and North Africa,3.527400017,7.759682655,0.817980587,56.72728348,0.599920273,-0.157735437,0.800287724,Low,Very Low,Very Low,6.7,High,,,,0.033,0.026,0.063,,,0.201,0.323,0.056,0.409,No,No
zambia,11.3,6.2,17.5,79.7,48.9,25.8,18.7,11.8,8.9,8.3,2.8,152.1,79.0,38.7,27.3,17.0,13.3,12.3,3.9,31.2,26.4,16.0,11.2,6.9,4.6,4.2,1.6,Sub-Saharan Africa,3.759399891,8.224720001,0.698824465,55.29937744,0.806500256,0.078037128,0.801289678,Very Low,High,High,5.3,High,43.62,18920651.0,Low,0.062,0.062,0.205,,0.019,0.056,1.429,0.019,0.031,Yes,Yes
zimbabwe,19.1,11.1,29.1,205.7,81.5,41.3,29.4,19.2,13.7,11.3,4.6,285.0,111.5,62.8,47.0,30.1,22.8,19.1,6.4,152.4,59.4,26.4,16.0,9.4,5.5,3.8,2.7,Sub-Saharan Africa,3.299200058,7.865711689,0.763092756,55.61725998,0.711457908,-0.072063953,0.81023699,Low,Low,Very Low,6.7,High,59.3,15092171.0,Very High,0.025,0.025,0.057,0.006,0.051,0.095,3.486,0.634,0.057,Yes,Yes
czech republic,10.5,4.2,17.2,22.4,18.8,17.0,18.6,15.8,12.8,11.6,4.0,55.4,36.1,28.5,29.8,25.5,18.7,19.2,5.6,6.0,6.1,6.8,7.4,5.6,6.4,3.6,2.4,Central and Eastern Europe,6.910900116,10.40416336,0.914430678,70.04793549,0.818537354,-0.230861515,0.85844624,Very High,Very Low,High,0.6,Very Low,25.52,10724555.0,Very Low,,,,,,,,,,,
